"rule_id","reusable_filter_id"
"019e0488-9a55-7177-a9f7-1118ca1aea5a","019e0488-9a55-7d95-9d62-f39128fa9d3d"
"019e0488-9a54-7663-9bf6-7e512282aaa2","019e0488-9a55-7576-9f45-e2f7efeaba26"
"019e0488-9a55-757f-bd2b-b88b0d6ed097","019e0488-9a55-7d95-9d62-f39128fa9d3d"
"019e0488-9a55-771d-afc7-6a0f362aa455","019e0488-9a55-7d95-9d62-f39128fa9d3d"
"019e0488-9a55-7b8b-9e15-28c6255d52ce","019e0488-9a55-7576-9f45-e2f7efeaba26"
"019e0488-9a55-78b1-ae57-dee1314d3f18","019e0488-9a55-7d95-9d62-f39128fa9d3d"
"019e0488-9a55-739c-82db-0b6cba193285","019e0488-9a55-7d95-9d62-f39128fa9d3d"
"019e0488-9a55-7782-8a29-d7cc7c7b8d8a","019e0488-9a55-7d95-9d62-f39128fa9d3d"
"019e0488-9a55-7696-8c22-7e3c2b3a6891","019e0488-9a55-7576-9f45-e2f7efeaba26"
"019e0488-9a55-7c47-a8f0-67a454650dc9","019e0488-9a55-7576-9f45-e2f7efeaba26"
"019e0488-9a55-7fb4-a050-9197a1b11713","019e0488-9a55-7d95-9d62-f39128fa9d3d"
